table_name,column_name,rows,missing,missing_pct
raw_category_translation,product_category_name,71,0,0.0
raw_category_translation,product_category_name_english,71,0,0.0
raw_customers,customer_id,99441,0,0.0
raw_customers,customer_unique_id,99441,0,0.0
raw_customers,customer_zip_code_prefix,99441,0,0.0
raw_customers,customer_city,99441,0,0.0
raw_customers,customer_state,99441,0,0.0
raw_order_items,order_id,112650,0,0.0
raw_order_items,order_item_id,112650,0,0.0
raw_order_items,product_id,112650,0,0.0
raw_order_items,seller_id,112650,0,0.0
raw_order_items,shipping_limit_date,112650,0,0.0
raw_order_items,price,112650,0,0.0
raw_order_items,freight_value,112650,0,0.0
raw_order_payments,order_id,103886,0,0.0
raw_order_payments,payment_sequential,103886,0,0.0
raw_order_payments,payment_type,103886,0,0.0
raw_order_payments,payment_installments,103886,0,0.0
raw_order_payments,payment_value,103886,0,0.0
raw_order_reviews,review_id,99224,0,0.0
raw_order_reviews,order_id,99224,0,0.0
raw_order_reviews,review_score,99224,0,0.0
raw_order_reviews,review_comment_title,99224,87658,88.34
raw_order_reviews,review_comment_message,99224,58256,58.71
raw_order_reviews,review_creation_date,99224,0,0.0
raw_order_reviews,review_answer_timestamp,99224,0,0.0
raw_orders,order_id,99441,0,0.0
raw_orders,customer_id,99441,0,0.0
raw_orders,order_status,99441,0,0.0
raw_orders,order_purchase_timestamp,99441,0,0.0
raw_orders,order_approved_at,99441,160,0.16
raw_orders,order_delivered_carrier_date,99441,1783,1.79
raw_orders,order_delivered_customer_date,99441,2965,2.98
raw_orders,order_estimated_delivery_date,99441,0,0.0
raw_products,product_id,32951,0,0.0
raw_products,product_category_name,32951,610,1.85
raw_products,product_name_lenght,32951,610,1.85
raw_products,product_description_lenght,32951,610,1.85
raw_products,product_photos_qty,32951,610,1.85
raw_products,product_weight_g,32951,2,0.01
raw_products,product_length_cm,32951,2,0.01
raw_products,product_height_cm,32951,2,0.01
raw_products,product_width_cm,32951,2,0.01
raw_sellers,seller_id,3095,0,0.0
raw_sellers,seller_zip_code_prefix,3095,0,0.0
raw_sellers,seller_city,3095,0,0.0
raw_sellers,seller_state,3095,0,0.0
