customer_state,valid_deliveries,avg_delivery_days,late_deliveries,late_rate_pct,avg_days_late_when_late,meets_min_volume
MA,717,21.57,125,17.43,10.5,1
CE,1279,21.27,176,13.76,15.18,1
BA,3256,19.34,396,12.16,12.02,1
RJ,12350,15.31,1495,12.11,13.52,1
PA,946,23.77,106,11.21,12.82,1
ES,1995,15.79,214,10.73,11.3,1
PB,517,20.43,54,10.44,10.33,1
MS,701,15.62,68,9.7,8.34,1
PE,1593,18.45,153,9.6,11.97,1
SC,3546,14.95,291,8.21,8.31,1
GO,1957,15.61,128,6.54,11.37,1
RS,5344,15.3,325,6.08,10.24,1
MT,886,18.06,53,5.98,10.64,1
DF,2080,12.97,118,5.67,7.42,1
MG,11354,12.01,519,4.57,8.4,1
SP,40494,8.76,1820,4.49,8.33,1
PR,4923,11.99,199,4.04,8.32,1
AL,397,24.54,85,21.41,9.54,0
SE,335,21.52,51,15.22,16.2,0
PI,476,19.46,66,13.87,13.35,0
RR,41,29.39,5,12.2,36.4,0
TO,274,17.66,27,9.85,6.52,0
RN,474,19.28,44,9.28,14.48,0
AC,80,21.04,3,3.75,18.67,0
AP,67,27.19,2,2.99,72.5,0
RO,243,19.37,7,2.88,5.57,0
AM,145,26.43,4,2.76,30.25,0
