purchase_month,valid_deliveries,avg_delivery_days,late_rate_pct
2017-01,750,12.65,2.93
2017-02,1653,13.17,2.96
2017-03,2546,12.95,4.56
2017-04,2303,14.92,6.56
2017-05,3545,11.32,2.99
2017-06,3135,12.01,3.03
2017-07,3872,11.59,2.79
2017-08,4193,11.15,2.91
2017-09,4150,11.85,4.39
2017-10,4478,11.86,4.18
2017-11,7288,15.16,12.4
2017-12,5513,15.39,7.46
2018-01,7069,14.08,5.7
2018-02,6555,16.95,14.13
2018-03,7003,16.3,18.96
2018-04,6798,11.5,4.5
2018-05,6749,11.42,6.56
2018-06,6096,9.24,1.16
2018-07,6156,8.96,3.38
2018-08,6351,7.73,6.19
