purchase_month,is_complete_month,all_orders,delivered_orders,merchandise_value,freight_value,avg_order_value
2016-09,0,4,1,134.97,8.49,134.97
2016-10,0,324,265,40325.11,6165.55,152.17
2016-12,0,1,1,10.9,8.72,10.9
2017-01,1,800,750,111798.36,15684.01,149.06
2017-02,1,1780,1653,234223.4,37015.92,141.7
2017-03,1,2682,2546,359198.85,55132.1,141.08
2017-04,1,2404,2303,340669.68,50142.72,147.92
2017-05,1,3700,3546,489338.25,77513.15,138.0
2017-06,1,3245,3135,421923.37,68127.0,134.58
2017-07,1,4026,3872,481604.52,84694.56,124.38
2017-08,1,4331,4193,554699.7,91132.66,132.29
2017-09,1,4285,4150,607399.67,93677.82,146.36
2017-10,1,4631,4478,648247.65,102869.36,144.76
2017-11,1,7544,7289,987765.37,165598.83,135.51
2017-12,1,5673,5513,726033.19,117045.1,131.69
2018-01,1,7269,7069,924645.0,153242.46,130.8
2018-02,1,6728,6555,826437.13,139731.28,126.08
2018-03,1,7211,7003,953356.25,167241.99,136.14
2018-04,1,6939,6798,973534.09,159344.84,143.21
2018-05,1,6873,6749,977544.69,151229.83,144.84
2018-06,1,6167,6099,856077.86,155900.43,140.36
2018-07,1,6292,6159,867953.46,159853.82,140.92
2018-08,1,6512,6351,838576.64,146915.0,132.04
2018-09,0,16,0,0.0,0.0,
2018-10,0,4,0,0.0,0.0,
