customer_state,delivered_orders,customers,merchandise_value,pct_of_sales,avg_order_value,avg_freight_per_order,freight_pct_of_merchandise,meets_min_volume
SP,40501,39156,5067633.16,38.33,125.12,17.33,13.9,1
RJ,12350,11917,1759651.13,13.31,142.48,23.95,16.8,1
MG,11354,11001,1552481.83,11.74,136.73,23.46,17.2,1
RS,5345,5168,728897.47,5.51,136.37,24.8,18.2,1
PR,4923,4769,666063.51,5.04,135.3,23.49,17.4,1
SC,3546,3449,507012.13,3.83,142.98,24.85,17.4,1
BA,3256,3158,493584.14,3.73,151.59,29.96,19.8,1
DF,2080,2019,296498.41,2.24,142.55,23.86,16.7,1
GO,1957,1895,282836.7,2.14,144.53,26.25,18.2,1
ES,1995,1928,268643.45,2.03,134.66,24.57,18.2,1
PE,1593,1551,251889.49,1.91,158.12,35.83,22.7,1
CE,1279,1258,219757.38,1.66,171.82,36.5,21.2,1
PA,946,922,174470.59,1.32,184.43,39.7,21.5,1
MT,886,856,152191.62,1.15,171.77,32.77,19.1,1
MA,717,700,117009.38,0.88,163.19,42.95,26.3,1
MS,701,681,115429.97,0.87,164.66,27.02,16.4,1
PB,517,504,112586.82,0.85,217.77,48.84,22.4,1
PI,476,464,84721.0,0.64,177.99,42.98,24.1,0
RN,474,464,82105.66,0.62,173.22,39.26,22.7,0
AL,397,387,78855.72,0.6,198.63,38.58,19.4,0
SE,335,329,56574.19,0.43,168.88,40.94,24.2,0
TO,274,267,48402.51,0.37,176.65,42.35,24.0,0
RO,243,231,45682.76,0.35,187.99,46.43,24.7,0
AM,145,140,22155.84,0.17,152.8,37.45,24.5,0
AC,80,76,15930.97,0.12,199.14,45.55,22.9,0
AP,67,66,13374.81,0.1,199.62,41.3,20.7,0
RR,41,40,7057.47,0.05,172.13,48.34,28.1,0
